{
    "dt" : [6, 15, 30, 60, 120, 240],
    "subcell_adhesion" : [0.01, 0.2, 0.4, 1, 2, 10],
    "subcell_repulsion" : [0.01, 0.2, 0.4, 1, 2, 10],
    "subcell_adhesion_distance" : [1, 4, 6, 8, 10],
    "substrate_adhesion" : [0.01, 0.2, 0.4, 1, 2, 10],
    "substrate_repulsion" : [0.01, 0.2, 0.4, 1, 2, 10],
    "substrate_adhesion_distance" : [1, 4, 6, 8, 10],
    "relative_heterotypic_adhesion" : [0.01, 0.1, 0.2, 0.5, 0.8],
    "subcell_transition_multiplier" : [1, 10, 20, 50, 100],
    "subcell_death_rate" : [0.00001, 0.0001, 0.001, 0.01, 0.1],
    "subcell_volume_growth_rate" : [0.01, 0.02, 0.1, 0.5, 0.8],
    "owner_basal_apoptosis_rate" : [0.0001, 0.01, 0.08, 0.1, 1],
    "owner_death_volume" : [500, 1300, 10000, 100000, 1000000],
    "owner_motility_bias" : [0.01, 0.1, 0.4, 0.7, 1],
    "timesteps_per_owner_motility_switch" : [0.1, 1, 10, 100, 1000],
    "normalized_subcell_speed" : [0.01, 0.02, 0.05, 0.1, 0.5],
    "subcell_radius" : [20.58327, 20.58327, 20.58327, 20.58327, 20.58327]
}